75000000,https://www.youtube.com/embed/JgzR8cCduZY?controls=0&amp;start=300&autoplay=1
70000000,https://www.youtube.com/embed/Wk8lsshKVoM?controls=0&amp;start=300&autoplay=1
48000000,https://www.youtube.com/embed/K5YOb70gHTs?controls=0&amp;start=300&autoplay=1
4500000,https://www.youtube.com/embed/in2aCFbiNPA?controls=0&amp;start=300&autoplay=1
34750000,https://www.youtube.com/embed/jkndHmbN9mc?controls=0&amp;start=300&autoplay=1
250000000,https://www.youtube.com/embed/aN9DH_GxqEo?controls=0&amp;start=300&autoplay=1
38500000,https://www.youtube.com/embed/SL0ucb70Qlo?controls=0&amp;start=300&autoplay=1
60000000,https://www.youtube.com/embed/wcaRGcDf5LQ?controls=0&amp;start=300&autoplay=1
40000000,https://www.youtube.com/embed/Vq4CmDIhfAw?controls=0&amp;start=300&autoplay=1
45000000,https://www.youtube.com/embed/CSQqY0lLBcY?controls=0&amp;start=300&autoplay=1
38000000,https://www.youtube.com/embed/JJOQdDQpavo?controls=0&amp;start=300&autoplay=1
47000000,https://www.youtube.com/embed/rr8aj0WiMyk?controls=0&amp;start=300&autoplay=1
46000000,https://www.youtube.com/embed/q7QqfQwyvMg?controls=0&amp;start=300&autoplay=1
100000000,https://www.youtube.com/embed/uPvJ5jRih8c?controls=0&amp;start=300&autoplay=1
68000000,https://www.youtube.com/embed/axdkJk4Yfiw?controls=0&amp;start=300&autoplay=1
38000000,https://www.youtube.com/embed/wUgJ_qEvI0E?controls=0&amp;start=300&autoplay=1
29000000,https://www.youtube.com/embed/c6JI1rmvqdU?controls=0&amp;start=300&autoplay=1
27995000,https://www.youtube.com/embed/f3ftTtfJoak?controls=0&amp;start=300&autoplay=1
20000000,https://www.youtube.com/embed/YFe9XXhehZ0?controls=0&amp;start=300&autoplay=1
25650000,https://www.youtube.com/embed/mEn83BWYlYU?controls=0&amp;start=300&autoplay=1
23000000,https://www.youtube.com/embed/e_Yd11ieZD0?controls=0&amp;start=300&autoplay=1
100000000,https://www.youtube.com/embed/ZkPtd2N6SPk?controls=0&amp;start=300&autoplay=1
58808000,https://www.youtube.com/embed/Rm_GJY2Jxgo?controls=0&amp;start=300&autoplay=1
41900000,https://www.youtube.com/embed/boYGBKw9WJM?controls=0&amp;start=300&autoplay=1
110000000,https://www.youtube.com/embed/2NhzZS1Rw0I?controls=0&amp;start=300&autoplay=1
52500000,https://www.youtube.com/embed/P7iwyVlKV-w?controls=0&amp;start=300&autoplay=1
34500000,https://www.youtube.com/embed/6tGX6jocV_Y?controls=0&amp;start=300&autoplay=1
20000000,https://www.youtube.com/embed/r41Q-_kbR-A?controls=0&amp;start=300&autoplay=1
31000000,https://www.youtube.com/embed/Fccay7ZFM6k?controls=0&amp;start=300&autoplay=1
120000000,https://www.youtube.com/embed/R8T-d5jcjfw?controls=0&amp;start=300&autoplay=1
39500000,https://www.youtube.com/embed/TIpZbyMtbxg?controls=0&amp;start=300&autoplay=1
24750000,https://www.youtube.com/embed/kMA5zXLd5uU?controls=0&amp;start=300&autoplay=1
45000000,https://www.youtube.com/embed/-OmtpjdPhM8?controls=0&amp;start=300&autoplay=1
100000000,https://www.youtube.com/embed/XRrvOMUAL-g?controls=0&amp;start=300&autoplay=1
2000000,https://www.youtube.com/embed/qZLXozx60kc?controls=0&amp;start=300&autoplay=1
37500000,https://www.youtube.com/embed/56KqxWyz1bM?controls=0&amp;start=300&autoplay=1
35000000,https://www.youtube.com/embed/m4njLkYLG4c?controls=0&amp;start=300&autoplay=1
23500000,https://www.youtube.com/embed/u6Zuimv0yPo?controls=0&amp;start=300&autoplay=1
40000000,https://www.youtube.com/embed/kdZYhfHYHtY?controls=0&amp;start=300&autoplay=1
25500000,https://www.youtube.com/embed/df_ACNm5Cjc?controls=0&amp;start=300&autoplay=1
25900000,https://www.youtube.com/embed/Mw_AJOYzt0w?controls=0&amp;start=300&autoplay=1
26900000,https://www.youtube.com/embed/4BNEklPBaKc?controls=0&amp;start=300&autoplay=1
32500000,https://www.youtube.com/embed/j3FaaXf_2iw?controls=0&amp;start=300&autoplay=1
47500000,https://www.youtube.com/embed/yi_SDDfnaTs?controls=0&amp;start=300&autoplay=1
88000000,https://www.youtube.com/embed/hmC7_VKpYEY?controls=0&amp;start=300&autoplay=1
43000000,https://www.youtube.com/embed/WE8AB9CV2j4?controls=0&amp;start=300&autoplay=1
42000000,https://www.youtube.com/embed/01QgNRm2OYg?controls=0&amp;start=300&autoplay=1
72500000,https://www.youtube.com/embed/iPlRFpSkcMc?controls=0&amp;start=300&autoplay=1
18500000,https://www.youtube.com/embed/eqJcbZEaSBc?controls=0&amp;start=300&autoplay=1
31000000,https://www.youtube.com/embed/etqSWXfXg8g?controls=0&amp;start=300&autoplay=1
21000000,https://www.youtube.com/embed/EXb9GIJde8E?controls=0&amp;start=300&autoplay=1
139000000,https://www.youtube.com/embed/3bNgyOSNH_U?controls=0&amp;start=300&autoplay=1
95000000,https://www.youtube.com/embed/YHaXs9LFUzY?controls=0&amp;start=300&autoplay=1
23000000,https://www.youtube.com/embed/obnAcr6TiSQ?controls=0&amp;start=300&autoplay=1
17700000,https://www.youtube.com/embed/2csjiXK2oBQ?controls=0&amp;start=300&autoplay=1
25000000,https://www.youtube.com/embed/d2Ol43bTA4g?controls=0&amp;start=300&autoplay=1
2700000,https://www.youtube.com/embed/W2-uo7ZdBwI?controls=0&amp;start=300&autoplay=1
295000000,https://www.youtube.com/embed/U8Cd_McCdow?controls=0&amp;start=300&autoplay=1
48000000,https://www.youtube.com/embed/Am3ILPqlcL8?controls=0&amp;start=300&autoplay=1
23995000,https://www.youtube.com/embed/kuUkgxRlNV0?controls=0&amp;start=300&autoplay=1
100000000,https://www.youtube.com/embed/AfQOh7h43Yg?controls=0&amp;start=300&autoplay=1
41000000,https://www.youtube.com/embed/PYN0BlDdNTM?controls=0&amp;start=300&autoplay=1
1250000,https://www.youtube.com/embed/G9XhLca9JSk?controls=0&amp;start=300&autoplay=1
13875000,https://www.youtube.com/embed/UBXy-MQo3Po?controls=0&amp;start=300&autoplay=1
25000000,https://www.youtube.com/embed/2tMG10P7gEY?controls=0&amp;start=300&autoplay=1
66000000,https://www.youtube.com/embed/2nJ_m9nLzcU?controls=0&amp;start=300&autoplay=1
32000000,https://www.youtube.com/embed/eYc2HagvFgM?controls=0&amp;start=300&autoplay=1
29000000,https://www.youtube.com/embed/ppojqECI6qg?controls=0&amp;start=300&autoplay=1
2000000,https://www.youtube.com/embed/YW_MCJruPqM?controls=0&amp;start=300&autoplay=1
141000000,https://www.youtube.com/embed/1lqfF6wOkMc?controls=0&amp;start=300&autoplay=1
52000000,https://www.youtube.com/embed/WlfVPQkuysU?controls=0&amp;start=300&autoplay=1
33333333,https://www.youtube.com/embed/wzdU79EAvx0?controls=0&amp;start=300&autoplay=1
37000000,https://www.youtube.com/embed/ok-M1yyss2U?controls=0&amp;start=300&autoplay=1
117000000,https://www.youtube.com/embed/M7Wanxa0tIQ?controls=0&amp;start=300&autoplay=1
26000000,https://www.youtube.com/embed/WUYB-FnCRo8?controls=0&amp;start=300&autoplay=1
10300000,https://www.youtube.com/embed/Eq_VFu2J0c4?controls=0&amp;start=300&autoplay=1
100000000,https://www.youtube.com/embed/cm40e1ChozE?controls=0&amp;start=300&autoplay=1
29995000,https://www.youtube.com/embed/pGkzfl654Uc?controls=0&amp;start=300&autoplay=1
25000000,https://www.youtube.com/embed/C1nTnfy_-vc?controls=0&amp;start=300&autoplay=1
135000000,https://www.youtube.com/embed/vG5E5rgHpN4?controls=0&amp;start=300&autoplay=1
32500000,https://www.youtube.com/embed/Us8mDKUaX2M?controls=0&amp;start=300&autoplay=1
48850000,https://www.youtube.com/embed/MKKk445EUiw?controls=0&amp;start=300&autoplay=1
25000000,https://www.youtube.com/embed/JpoeEtZCgFA?controls=0&amp;start=300&autoplay=1
25500000,https://www.youtube.com/embed/cTbqUhL-nK8?controls=0&amp;start=300&autoplay=1
37995000,https://www.youtube.com/embed/gQ--Fpgoo-Q?controls=0&amp;start=300&autoplay=1
32000000,https://www.youtube.com/embed/AYk93yuSDsg?controls=0&amp;start=300&autoplay=1
23000000,https://www.youtube.com/embed/mRPlfPDiBmk?controls=0&amp;start=300&autoplay=1
18500000,https://www.youtube.com/embed/ehNcIEYn9yM?controls=0&amp;start=300&autoplay=1
79995000,https://www.youtube.com/embed/4IId792kUp0?controls=0&amp;start=300&autoplay=1
45000000,https://www.youtube.com/embed/bumsIF8hbi0?controls=0&amp;start=300&autoplay=1
12000000,https://www.youtube.com/embed/j5aFoPmFIT4?controls=0&amp;start=300&autoplay=1
20000000,https://www.youtube.com/embed/hjPmOuM_c_c?controls=0&amp;start=300&autoplay=1
54950000,https://www.youtube.com/embed/AfSWldaT-AE?controls=0&amp;start=300&autoplay=1
33950000,https://www.youtube.com/embed/JRcuswAP_lE?controls=0&amp;start=300&autoplay=1
90000000,https://www.youtube.com/embed/MYIVkYPj-d0?controls=0&amp;start=300&autoplay=1
65000000,https://www.youtube.com/embed/YRqMf9G3-g8?controls=0&amp;start=300&autoplay=1
39995000,https://www.youtube.com/embed/T5PHHuzmZkM?controls=0&amp;start=300&autoplay=1
34900000,https://www.youtube.com/embed/aBeVbmQvMtk?controls=0&amp;start=300&autoplay=1
110000000,https://www.youtube.com/embed/1UiokDqeUS0?controls=0&amp;start=300&autoplay=1
8000000,https://www.youtube.com/embed/SYJmvPomFYI?controls=0&amp;start=300&autoplay=1
46680000,https://www.youtube.com/embed/jV3jKbTId1I?controls=0&amp;start=300&autoplay=1
49500000,https://www.youtube.com/embed/YaZEXgnxYa0?controls=0&amp;start=300&autoplay=1
21995000,https://www.youtube.com/embed/eQbP5VA8xpo?controls=0&amp;start=300&autoplay=1
24995000,https://www.youtube.com/embed/bJ9gNxi7pDc?controls=0&amp;start=300&autoplay=1
18000000,https://www.youtube.com/embed/4G9dUDTZ9-E?controls=0&amp;start=300&autoplay=1
34000000,https://www.youtube.com/embed/vDrAmfRWcjA?controls=0&amp;start=300&autoplay=1
9888000,https://www.youtube.com/embed/baGBI3oNZHs?controls=0&amp;start=300&autoplay=1
39500000,https://www.youtube.com/embed/idJthveed1M?controls=0&amp;start=300&autoplay=1
15900000,https://www.youtube.com/embed/PScB0xIxEpU?controls=0&amp;start=300&autoplay=1
12650000,https://www.youtube.com/embed/mBCPEoSrL-Y?controls=0&amp;start=300&autoplay=1
8995000,https://www.youtube.com/embed/VDxPJVotoqo?controls=0&amp;start=300&autoplay=1
19100000,https://www.youtube.com/embed/ZVtnxcW66tc?controls=0&amp;start=300&autoplay=1
19995000,https://www.youtube.com/embed/RLgbe1zXTY0?controls=0&amp;start=300&autoplay=1
3649000,https://www.youtube.com/embed/vlTMfZfH_Ws?controls=0&amp;start=300&autoplay=1
7800000,https://www.youtube.com/embed/ZtiLRPLSrNY?controls=0&amp;start=300&autoplay=1
10000000,https://www.youtube.com/embed/JOZQMrb6G1o?controls=0&amp;start=300&autoplay=1
28750000,https://www.youtube.com/embed/aENLA_LVcRY?controls=0&amp;start=300&autoplay=1
11995000,https://www.youtube.com/embed/4V8NHGnHiZ0?controls=0&amp;start=300&autoplay=1
38000000,https://www.youtube.com/embed/yJ4v-yxuPk8?controls=0&amp;start=300&autoplay=1
44000000,https://www.youtube.com/embed/haZegPp6gck?controls=0&amp;start=300&autoplay=1
17000000,https://www.youtube.com/embed/30b3Rvfmi3Q?controls=0&amp;start=300&autoplay=1
16995000,https://www.youtube.com/embed/TtRclhVHOkU?controls=0&amp;start=300&autoplay=1
4695000,https://www.youtube.com/embed/8QYrejbbXNY?controls=0&amp;start=300&autoplay=1
7495000,https://www.youtube.com/embed/VEzIFT1Qfow?controls=0&amp;start=300&autoplay=1
4395000,https://www.youtube.com/embed/dmvp2Xoa4mE?controls=0&amp;start=300&autoplay=1
3875000,https://www.youtube.com/embed/KItsCaeA9oI?controls=0&amp;start=300&autoplay=1
10000000,https://www.youtube.com/embed/DuP31VbGtwU?controls=0&amp;start=300&autoplay=1
16495000,https://www.youtube.com/embed/JlTHtjEQ4g0?controls=0&amp;start=300&autoplay=1
16900000,https://www.youtube.com/embed/h5S-n2Em4tc?controls=0&amp;start=300&autoplay=1
32000000,https://www.youtube.com/embed/jwkbqj11j9A?controls=0&amp;start=300&autoplay=1
7695000,https://www.youtube.com/embed/9AMFUipB6cQ?controls=0&amp;start=300&autoplay=1
4295000,https://www.youtube.com/embed/o-5K_T_MnTc?controls=0&amp;start=300&autoplay=1
17995000,https://www.youtube.com/embed/MOKSI3hYwQ0?controls=0&amp;start=300&autoplay=1
18950000,https://www.youtube.com/embed/ZXbtGiRMwSE?controls=0&amp;start=300&autoplay=1
12995000,https://www.youtube.com/embed/rsjzsweEKqk?controls=0&amp;start=300&autoplay=1
25800000,https://www.youtube.com/embed/lOkg4KFkgGk?controls=0&amp;start=300&autoplay=1
10995000,https://www.youtube.com/embed/7StmZzIXNCU?controls=0&amp;start=300&autoplay=1
7495000,https://www.youtube.com/embed/AFyzl1nZIS0?controls=0&amp;start=300&autoplay=1
7995000,https://www.youtube.com/embed/AXkdjfnBWoI?controls=0&amp;start=300&autoplay=1
8800000,https://www.youtube.com/embed/tO5qTxM_P48?controls=0&amp;start=300&autoplay=1
18725000,https://www.youtube.com/embed/p-HCpumIZjY?controls=0&amp;start=300&autoplay=1
39900000,https://www.youtube.com/embed/a70ro6LkChk?controls=0&amp;start=300&autoplay=1
10250000,https://www.youtube.com/embed/jWcRf_lUg38?controls=0&amp;start=300&autoplay=1
4470000,https://www.youtube.com/embed/GNCNb19d2HM?controls=0&amp;start=300&autoplay=1
13500000,https://www.youtube.com/embed/Q6DK5_bxe3w?controls=0&amp;start=300&autoplay=1
3750000,https://www.youtube.com/embed/a75dwTWP1G8?controls=0&amp;start=300&autoplay=1
89954000,https://www.youtube.com/embed/okB_013G8-o?controls=0&amp;start=300&autoplay=1
142000,https://www.youtube.com/embed/WQpHJsjYRFg?controls=0&amp;start=300&autoplay=1
4424000,https://www.youtube.com/embed/2zY3RAj3XOk?controls=0&amp;start=300&autoplay=1
7295000,https://www.youtube.com/embed/opRqKgMZA9c?controls=0&amp;start=300&autoplay=1
5595000,https://www.youtube.com/embed/y4qwm66VbSk?controls=0&amp;start=300&autoplay=1
85949000,https://www.youtube.com/embed/Eg2YR2o5Rh0?controls=0&amp;start=300&autoplay=1
4150000,https://www.youtube.com/embed/v66a8rTjtMs?controls=0&amp;start=300&autoplay=1
12450000,https://www.youtube.com/embed/UAAZeoJ-_ik?controls=0&amp;start=300&autoplay=1
12900000,https://www.youtube.com/embed/ExqegaVkq6E?controls=0&amp;start=300&autoplay=1
50000000,https://www.youtube.com/embed/t1FQEXMQq7U?controls=0&amp;start=300&autoplay=1
5175000,https://www.youtube.com/embed/tW1Zdwc-pPE?controls=0&amp;start=300&autoplay=1
38953000,https://www.youtube.com/embed/5FoAnhstayM?controls=0&amp;start=300&autoplay=1
8995000,https://www.youtube.com/embed/UiafGAJvz2k?controls=0&amp;start=300&autoplay=1
13995000,https://www.youtube.com/embed/UiNwpXFZ7-g?controls=0&amp;start=300&autoplay=1
50000000,https://www.youtube.com/embed/JomdgbVlX7M?controls=0&amp;start=300&autoplay=1
40000000,https://www.youtube.com/embed/nxbB8twGhKo?controls=0&amp;start=300&autoplay=1
22500000,https://www.youtube.com/embed/pb5HoTK9RSQ?controls=0&amp;start=300&autoplay=1
